frame,xmin,ymin,xmax,ymax,scaled_xmin,scaled_ymin,scaled_xmax,scaled_ymax
0,34,9,694,210,50.27142857142857,6.845841784989858,1026.1285714285714,159.73630831643004
